,SNP,counts,Perc_Bi_Allelic,Density
0,673_140453136,480.0,0.508333333333,1298.9
252,673_140453134,2.0,0.5,1298.9
259,4893_115256529,54.0,0.5,1736.6
290,4893_115256530,14.0,0.5,1736.6
297,3265_533874,24.0,0.541666666667,1824.5
309,3265_533875,6.0,0.5,1824.5
918,3845_25380277,4.0,0.5,1794.8
920,3845_25380276,2.0,0.5,1794.8
921,3845_25398284,2.0,0.5,1794.8
922,3845_25398228,1.0,0.0,1794.8
1020,207_105246551,4.0,0.5,1572.9
2097,5290_178952074,2.0,0.5,1035.3
2110,5728_89692941,1.0,0.0,1327.3
7146,23405_95557629,2.0,0.5,1632.6
